{"top_docs": [{"index": 0, "name": "./test.txt"}], "tfidf_scores": {"website": 0.165616143832344, "web": 0.1472965629641926, "develop": 0.1472965629641926, "university county": 0.12421210787425799, "provide": 0.12421210787425799, "university": 0.165616143832344, "web application": 0.08837793777851556, "county": 0.12421210787425799, "application": 0.11783725037135408, "internal": 0.12421210787425799, "build": 0.12421210787425799, "data": 0.12421210787425799, "present": 0.12421210787425799, "user": 0.1472965629641926}, "cos_sim": [0.10980252347680038]}