{"top_docs": [{"index": 0, "name": "./test.txt"}], "tfidf_scores": {"alliance": 0.082808071916172, "neighborhood": 0.082808071916172, "university county": 0.12421210787425799, "generation": 0.082808071916172, "module": 0.082808071916172, "county": 0.12421210787425799, "engineering": 0.082808071916172, "hack": 0.082808071916172, "web application": 0.08837793777851556, "unit": 0.082808071916172, "web": 0.1472965629641926, "indicator": 0.082808071916172, "user friendly": 0.082808071916172, "develop": 0.1472965629641926, "neighborhood indicator": 0.082808071916172, "provide": 0.12421210787425799, "create": 0.05891862518567704, "education": 0.082808071916172, "cross": 0.05891862518567704, "labor": 0.082808071916172, "indicator alliance": 0.082808071916172, "application": 0.11783725037135408, "internal": 0.12421210787425799, "build": 0.12421210787425799, "friendly": 0.082808071916172, "arithmetic": 0.082808071916172, "website": 0.165616143832344, "assembly": 0.082808071916172, "python": 0.082808071916172, "tool": 0.082808071916172, "user": 0.1472965629641926, "interface": 0.05891862518567704, "data": 0.12421210787425799, "present": 0.12421210787425799, "application provide": 0.082808071916172, "database": 0.082808071916172, "technical": 0.082808071916172, "university": 0.165616143832344, "standalone": 0.082808071916172, "compile": 0.082808071916172, "flask": 0.082808071916172, "cross compile": 0.082808071916172, "com": 0.05891862518567704}, "cos_sim": [0.10980252347680038]}