{"top_docs": [{"index": 0, "name": "./test.txt"}], "tfidf_scores": {"cross": 0.173421993904824, "develop user": 0.086710996952412, "skill": 0.086710996952412, "html css": 0.086710996952412, "developer": 0.086710996952412, "web": 0.43355498476205995, "develop": 0.43355498476205995, "lead": 0.086710996952412, "web developer": 0.086710996952412, "create": 0.173421993904824, "feature": 0.086710996952412, "web application": 0.26013299085723596, "current": 0.086710996952412, "application": 0.346843987809648, "user interface": 0.086710996952412, "html": 0.086710996952412, "best": 0.086710996952412, "input": 0.086710996952412, "css": 0.086710996952412, "javascript": 0.086710996952412, "job": 0.086710996952412, "user": 0.43355498476205995, "interface": 0.173421993904824, "experience": 0.086710996952412, "team": 0.086710996952412, "com": 0.173421993904824}, "cos_sim": [0.7723590590532196]}