{"top_docs": [{"index": 0, "name": "./test.txt"}], "tfidf_scores": {"jquery": 0.1796053020267749, "web": 0.1796053020267749, "flow wireframes": 0.1796053020267749, "develop": 0.1796053020267749, "leverage": 0.1796053020267749, "application": 0.1796053020267749, "process": 0.1796053020267749, "app": 0.3592106040535498, "javascript": 0.1796053020267749, "flow": 0.1796053020267749, "html cs javascript": 0.1796053020267749, "experience": 0.1796053020267749, "html cs": 0.1796053020267749, "platform": 0.1796053020267749, "html": 0.1796053020267749, "cs javascript": 0.1796053020267749, "team": 0.5388159060803247, "cs": 0.1796053020267749, "start": 0.1796053020267749, "wireframes": 0.1796053020267749}, "cos_sim": [0.628136359575211]}