{"top_docs": [{"index": 0, "name": "./job_desc.txt"}], "tfidf_med": 0.22360679774997896, "tfidf_scores": {"discipline": 0.22360679774997896, "major": 0.22360679774997896, "develop": 0.22360679774997896, "generation": 0.4472135954999579, "tool": 0.22360679774997896, "maintain": 0.22360679774997896, "team": 0.22360679774997896, "senior": 0.22360679774997896, "data": 0.6708203932499369}, "cos_sim": [0.8454889030309709], "tfidf_mean": 0.29814239699997197}